{"count":1,"self":25.0020448,"total":36.522490999999995,"children":{"InitializeActuators":{"count":101,"self":0.0049323,"total":0.0049323,"children":null},"InitializeSensors":{"count":101,"self":0.0009964,"total":0.0009964,"children":null},"AgentSendState":{"count":1206,"self":0.0171952,"total":0.085720999999999992,"children":{"CollectObservations":{"count":1105,"self":0.0030158,"total":0.0030158,"children":null},"WriteActionMask":{"count":1105,"self":0.0030543,"total":0.0030543,"children":null},"RequestDecision":{"count":1105,"self":0.031191299999999998,"total":0.062455699999999996,"children":{"AgentInfo.ToProto":{"count":1105,"self":0.010101299999999999,"total":0.0312644,"children":{"GenerateSensorData":{"count":1105,"self":0.0211631,"total":0.0211631,"children":null}}}}}}},"DecideAction":{"count":1206,"self":11.4043592,"total":11.4043593,"children":null},"AgentAct":{"count":1206,"self":0.0175481,"total":0.022437799999999997,"children":{"AgentInfo.ToProto":{"count":100,"self":0.00098249999999999987,"total":0.0048896999999999994,"children":{"GenerateSensorData":{"count":100,"self":0.0039071999999999996,"total":0.0039071999999999996,"children":null}}}}}},"gauges":{"Basic.CumulativeReward":{"count":100,"max":0.93,"min":-0.19,"runningAverage":0.7455001,"value":0.91,"weightedAverage":0.9180314}},"metadata":{"timer_format_version":"0.1.0","start_time_seconds":"1622578948","unity_version":"2019.4.16f1","command_line_arguments":"C:\\dev\\Thesis\\reinforcement-learning\\envs\/Basic.exe --mlagents-port 5005","communication_protocol_version":"1.3.0","com.unity.ml-agents_version":"1.7.2-preview","scene_name":"Basic","end_time_seconds":"1622578984"}}